{
  "trained_on": "2025-09-24 19:08:49.023254",
  "n_train": 640,
  "n_test": 161,
  "cv_params": {
    "model__alpha": 0.1
  },
  "test_rmse": 2.233372418292912
}